"Timestamp","Respondents' Consent","What is your name? (optional)","Which college department are you part of?","What is your current college year?","Are you already aware of what SOGIE Equality Bill is?","How much knowledge would you describe yourself having regarding LGBTQIA+?","What is your assigned sex at birth?","What is your Gender Identity?","How would you describe your Gender Expression?","How would you describe your Sexual Orientation","Will SOGIE Bill prevent the discrimination based on sexual orientation and gender identity?","Will SOGIE Bill give equal access to LGBTQIA+ individual's employment?","Will SOGIE Bill help promote programs for non-discrimination and diversity in schools and workplace?","Will SOGIE Bill penalize employers who discriminate against LGBTQIA+ members?","Will SOGIE Bill provide programs to protect students in school?","Will SOGIE Bill help LGBTQIA+ members to know their rights?","Will SOGIE Bill help the LGBTQIA+ members to gain more self-confidence?","Will SOGIE Bill help the implementation of LGBTQIA+ members own public comfort room?","Will SOGIE Bill help LGBTQIA+ members to be more open about their gender identity?","Will SOGIE Bill lessen the bullying cases between LGBTQIA+ student and an ordinary student?","Do you think the SOGIE Bill is for the legalization of Same-Sex Marriage?","Do you think that SOGIE Bill is only for the LGBTQIA+ community?"
"2024/02/19 11:00:31 AM GMT+8","I agree to participate to this survey","CSCS30001","CSCS","3rd Year","Yes","I know some basic knowledge about LGBTQIA+","Female","Woman","Feminine","I am ONLY attracted to men","4","4","4","3","3","5","5","4","5","4","5","3"
"2024/02/19 11:04:26 AM GMT+8","I agree to participate to this survey","CSCS30002","CSCS","3rd Year","Yes","I am fully knowledgeable about LGBTQIA+","Male","Man","Masculine","I am ONLY attracted to men","4","4","4","2","3","5","5","3","3","3","4","1"
"2024/02/19 11:06:45 AM GMT+8","I agree to participate to this survey","CSCS30003","CSCS","3rd Year","No","I know nothing at all","Male","Man","Masculine","I am ONLY attracted to women","1","1","1","1","1","1","1","1","1","1","1","1"
"2024/02/19 11:10:21 AM GMT+8","I agree to participate to this survey","CSCS30004","CSCS","3rd Year","Yes","I know some basic knowledge about LGBTQIA+","Female","Woman","Feminine","I am ONLY attracted to men","4","4","4","4","4","4","4","4","4","3","2","1"
"2024/02/19 11:12:19 AM GMT+8","I agree to participate to this survey","CSCS30005","CSCS","3rd Year","No","I know some basic knowledge about LGBTQIA+","Female","Woman","Feminine","I am NOT sexually attracted to anyone","3","2","5","3","3","5","3","2","4","3","1","1"
"2024/02/19 11:15:11 AM GMT+8","I agree to participate to this survey","CSCS30006","CSCS","3rd Year","No","I know some basic knowledge about LGBTQIA+","Female","Woman","Feminine","I am NOT sexually attracted to anyone","4","3","4","3","4","4","4","4","4","4","3","4"
"2024/02/19 11:15:21 AM GMT+8","I agree to participate to this survey","CSCS10001","CSCS","1st Year","Yes","I know some basic knowledge about LGBTQIA+","Female","Gender Queer (both)","Androgynous/Unisexual","I am attracted to anyone REGARDLESS of their gender","4","4","5","3","3","4","4","3","5","3","3","1"
"2024/02/19 11:16:28 AM GMT+8","I agree to participate to this survey","CSCS20001","CSCS","2nd Year","No","I know some basic knowledge about LGBTQIA+","Male","Man","Masculine","I am ONLY attracted to women","4","4","3","5","2","5","4","3","3","2","4","3"
"2024/02/19 11:17:13 AM GMT+8","I agree to participate to this survey","CSCS10002","CSCS","1st Year","No","I know some basic knowledge about LGBTQIA+","Male","Man","Androgynous/Unisexual","I am ONLY attracted to women","4","4","4","4","4","4","4","4","4","4","4","3"
"2024/02/19 11:17:55 AM GMT+8","I agree to participate to this survey","CSCS30007","CSCS","3rd Year","Yes","I know some basic knowledge about LGBTQIA+","Female","Woman","Feminine","I am ONLY attracted to men","4","3","4","3","4","5","4","5","4","4","4","2"
"2024/02/19 11:20:50 AM GMT+8","I agree to participate to this survey","CSCS20002","CSCS","2nd Year","Yes","I am fully knowledgeable about LGBTQIA+","Female","Woman","Feminine","Prefer not to disclose","5","5","5","5","5","5","5","5","5","5","4","1"
"2024/02/19 11:20:51 AM GMT+8","I agree to participate to this survey","CSCS10003","CSCS","1st Year","Yes","I know some basic knowledge about LGBTQIA+","Female","Woman","Feminine","I am ONLY attracted to men","4","4","4","4","5","5","5","5","5","5","5","3"
"2024/02/19 11:21:49 AM GMT+8","I agree to participate to this survey","CSCS30008","CSCS","3rd Year","Yes","I know some basic knowledge about LGBTQIA+","Male","Man","Masculine","I am ONLY attracted to women","4","5","4","4","4","5","5","3","4","4","4","4"
"2024/02/19 11:22:24 AM GMT+8","I agree to participate to this survey","CSCS10004","CSCS","1st Year","Yes","I know some basic knowledge about LGBTQIA+","Male","Man","Androgynous/Unisexual","I am ONLY attracted to women","4","4","5","4","3","5","4","1","3","2","5","5"
"2024/02/19 11:22:37 AM GMT+8","I agree to participate to this survey","CSCS20003","CSCS","2nd Year","No","I know some basic knowledge about LGBTQIA+","Male","Man","Masculine","I am ONLY attracted to women","2","2","3","1","4","5","5","5","4","3","4","1"
"2024/02/19 11:25:00 AM GMT+8","I agree to participate to this survey","CSCS10005","CSCS","1st Year","Yes","I know nothing at all","Male","Man","Masculine","I am ONLY attracted to women","2","2","2","2","2","3","2","3","3","2","3","3"
"2024/02/19 11:25:05 AM GMT+8","I agree to participate to this survey","CSCS30009","CSCS","3rd Year","Yes","I know some basic knowledge about LGBTQIA+","Male","Man","Androgynous/Unisexual","I am ONLY attracted to women","3","3","4","3","4","4","5","4","4","3","4","4"
"2024/02/19 11:25:48 AM GMT+8","I agree to participate to this survey","CSCS20004","CSCS","2nd Year","No","I know some basic knowledge about LGBTQIA+","Male","Man","Androgynous/Unisexual","I am ONLY attracted to women","3","4","5","3","4","5","3","3","3","4","4","2"
"2024/02/19 11:26:19 AM GMT+8","I agree to participate to this survey","CSCS10006","CSCS","1st Year","No","I know some basic knowledge about LGBTQIA+","Male","Man","Masculine","I am ONLY attracted to women","4","3","4","5","4","4","3","3","4","5","4","4"
"2024/02/19 11:27:07 AM GMT+8","I agree to participate to this survey","CSCS30010","CSCS","3rd Year","Yes","I am fully knowledgeable about LGBTQIA+","Male","Man","Masculine","I am ONLY attracted to women","4","4","4","5","5","5","4","1","3","3","1","1"
"2024/02/19 11:27:55 AM GMT+8","I agree to participate to this survey","CSCS10007","CSCS","1st Year","Yes","I know some basic knowledge about LGBTQIA+","Male","Man","Masculine","I am ONLY attracted to women","3","4","4","3","4","4","4","4","4","4","3","4"
"2024/02/19 11:27:56 AM GMT+8","I agree to participate to this survey","CTHM10001","CTHM","1st Year","No","I am fully knowledgeable about LGBTQIA+","Male","Man","Masculine","I am ONLY attracted to men","1","4","2","2","3","5","4","2","4","1","5","2"
"2024/02/19 11:28:32 AM GMT+8","I agree to participate to this survey","CSCS20021","CSCS","2nd Year","Yes","I know some basic knowledge about LGBTQIA+","Female","Woman","Androgynous/Unisexual","I am attracted to anyone REGARDLESS of their gender","4","5","5","4","4","4","5","1","4","3","1","3"
"2024/02/19 11:29:12 AM GMT+8","I agree to participate to this survey","CTHM10002","CTHM","1st Year","Yes","I know some basic knowledge about LGBTQIA+","Female","Woman","Feminine","I am attracted to anyone REGARDLESS of their gender","5","4","4","5","4","4","4","4","5","4","5","1"
"2024/02/19 11:30:33 AM GMT+8","I agree to participate to this survey","CTHM10003","CTHM","1st Year","No","I know some basic knowledge about LGBTQIA+","Female","Woman","Feminine","I am ONLY attracted to men","5","5","5","5","5","5","5","5","5","5","5","5"
"2024/02/19 11:30:40 AM GMT+8","I agree to participate to this survey","CSCS20005","CSCS","2nd Year","Yes","I know some basic knowledge about LGBTQIA+","Female","Woman","Feminine","I am ONLY attracted to men","5","5","5","4","5","5","4","4","5","4","4","3"
"2024/02/19 11:30:59 AM GMT+8","I agree to participate to this survey","CSCS20022","CSCS","2nd Year","Yes","I know some basic knowledge about LGBTQIA+","Female","Woman","Feminine","I am ONLY attracted to men","3","4","4","2","4","5","5","3","4","4","4","2"
"2024/02/19 11:31:05 AM GMT+8","I agree to participate to this survey","CSCS10008","CSCS","1st Year","Yes","I know some basic knowledge about LGBTQIA+","Male","Man","Masculine","I am ONLY attracted to women","4","4","3","3","4","5","5","3","4","2","4","3"
"2024/02/19 11:31:16 AM GMT+8","I agree to participate to this survey","CSCS30011","CSCS","3rd Year","No","I know some basic knowledge about LGBTQIA+","Male","Man","Masculine","I am ONLY attracted to women","3","3","3","5","5","4","4","3","3","1","2","1"
"2024/02/19 11:31:49 AM GMT+8","I agree to participate to this survey","CTHM10004","CTHM","1st Year","Yes","I know some basic knowledge about LGBTQIA+","Male","Man","Androgynous/Unisexual","I am attracted to anyone REGARDLESS of their gender","5","4","3","5","2","2","2","3","3","5","2","5"
"2024/02/19 11:32:40 AM GMT+8","I agree to participate to this survey","CSCS20006","CSCS","2nd Year","Yes","I know some basic knowledge about LGBTQIA+","Male","Man","Masculine","I am ONLY attracted to women","3","2","2","3","2","2","2","2","2","4","3","3"
"2024/02/19 11:33:23 AM GMT+8","I agree to participate to this survey","CSCS10009","CSCS","1st Year","Yes","I know some basic knowledge about LGBTQIA+","Male","Man","Masculine","I am ONLY attracted to women","4","3","4","4","5","5","5","4","5","4","3","4"
"2024/02/19 11:33:37 AM GMT+8","I agree to participate to this survey","CTHM10005","CTHM","1st Year","Yes","I am fully knowledgeable about LGBTQIA+","Female","Woman","Androgynous/Unisexual","I am attracted to anyone REGARDLESS of their gender","5","5","5","4","5","5","5","5","4","5","4","3"
"2024/02/19 11:34:09 AM GMT+8","I agree to participate to this survey","CSCS","CSCS","2nd Year","Yes","I am fully knowledgeable about LGBTQIA+","Female","Prefer not to disclose","Feminine","I am attracted to anyone REGARDLESS of their gender","5","5","5","4","5","5","5","5","5","4","4","2"
"2024/02/19 11:34:37 AM GMT+8","I agree to participate to this survey","CTHM10006","CTHM","1st Year","Yes","I know some basic knowledge about LGBTQIA+","Female","Woman","Feminine","I am ONLY attracted to men","4","5","2","1","1","5","5","1","1","1","1","5"
"2024/02/19 11:34:52 AM GMT+8","I agree to participate to this survey","CSCS10010","CSCS","1st Year","Yes","I know some basic knowledge about LGBTQIA+","Male","Man","Masculine","I am ONLY attracted to women","5","4","5","5","5","5","5","5","4","4","4","1"
"2024/02/19 11:34:57 AM GMT+8","I agree to participate to this survey","CSCS20007","CSCS","2nd Year","Yes","I know some basic knowledge about LGBTQIA+","Male","Man","Masculine","I am ONLY attracted to women","4","5","4","3","4","5","5","4","5","4","3","2"
"2024/02/19 11:35:50 AM GMT+8","I agree to participate to this survey","CSCS20024","CSCS","2nd Year","No","I know some basic knowledge about LGBTQIA+","Male","Man","Masculine","I am ONLY attracted to women","3","3","3","3","3","3","3","3","3","3","3","3"
"2024/02/19 11:36:13 AM GMT+8","I agree to participate to this survey","CTHM10007","CTHM","1st Year","Yes","I know some basic knowledge about LGBTQIA+","Male","Man","Masculine","I am ONLY attracted to women","3","3","5","3","4","4","4","4","5","4","3","3"
"2024/02/19 11:36:18 AM GMT+8","I agree to participate to this survey","CSCS20008","CSCS","2nd Year","Yes","I know some basic knowledge about LGBTQIA+","Female","Woman","Feminine","I am ONLY attracted to men","4","5","4","4","4","5","5","3","4","4","3","3"
"2024/02/19 11:36:31 AM GMT+8","I agree to participate to this survey","CSCS10011","CSCS","1st Year","Yes","I know some basic knowledge about LGBTQIA+","Male","Man","Masculine","I am ONLY attracted to women","4","5","5","3","5","5","5","4","5","5","4","5"
"2024/02/19 11:37:27 AM GMT+8","I agree to participate to this survey","CTHM10008","CTHM","1st Year","Yes","I know some basic knowledge about LGBTQIA+","Male","Man","Masculine","I am ONLY attracted to women","5","5","4","4","3","5","5","3","5","3","4","3"
"2024/02/19 11:37:39 AM GMT+8","I agree to participate to this survey","CSCS20009","CSCS","2nd Year","Yes","I am fully knowledgeable about LGBTQIA+","Female","Woman","Feminine","Prefer not to disclose","5","5","5","5","5","5","5","5","5","5","5","1"
"2024/02/19 11:37:50 AM GMT+8","I agree to participate to this survey","CSCS20025","CSCS","2nd Year","Yes","I know some basic knowledge about LGBTQIA+","Male","Man","Masculine","I am ONLY attracted to women","5","5","5","5","5","5","5","4","5","5","3","1"
"2024/02/19 11:38:13 AM GMT+8","I agree to participate to this survey","CSCS10012","CSCS","1st Year","Yes","I know some basic knowledge about LGBTQIA+","Male","Man","Masculine","I am ONLY attracted to women","4","5","5","4","5","5","5","5","5","5","3","2"
"2024/02/19 11:38:30 AM GMT+8","I agree to participate to this survey","CTHM10009","CTHM","1st Year","Yes","I know some basic knowledge about LGBTQIA+","Female","Woman","Feminine","I am ONLY attracted to men","3","3","3","3","3","3","3","3","3","3","3","3"
"2024/02/19 11:39:03 AM GMT+8","I agree to participate to this survey","CSCS20010","CSCS","2nd Year","Yes","I know some basic knowledge about LGBTQIA+","Female","Woman","Feminine","I am ONLY attracted to men","5","5","5","5","5","5","5","5","5","5","4","2"
"2024/02/19 11:39:45 AM GMT+8","I agree to participate to this survey","CSCS20026","CSCS","2nd Year","No","I know some basic knowledge about LGBTQIA+","Male","Man","Masculine","I am ONLY attracted to women","3","4","4","2","3","4","5","4","4","3","3","3"
"2024/02/19 11:41:09 AM GMT+8","I agree to participate to this survey","CTHM10010","CTHM","1st Year","Yes","I am fully knowledgeable about LGBTQIA+","Female","Gender Neutral (neither)","Androgynous/Unisexual","I am attracted to anyone REGARDLESS of their gender","5","5","5","5","5","5","5","5","5","5","5","5"
"2024/02/19 11:41:43 AM GMT+8","I agree to participate to this survey","CSCS20011","CSCS","2nd Year","Yes","I know some basic knowledge about LGBTQIA+","Male","Man","Androgynous/Unisexual","Prefer not to disclose","4","5","3","3","4","5","3","4","5","4","5","4"
"2024/02/19 11:42:03 AM GMT+8","I agree to participate to this survey","CSCS10013","CSCS","1st Year","Yes","I know some basic knowledge about LGBTQIA+","Male","Man","Androgynous/Unisexual","I am ONLY attracted to women","3","4","3","5","3","3","4","3","3","4","2","1"
"2024/02/19 11:42:08 AM GMT+8","I agree to participate to this survey","CTHM10011","CTHM","1st Year","Yes","I know some basic knowledge about LGBTQIA+","Male","Man","Masculine","I am ONLY attracted to women","5","5","5","5","5","5","5","5","5","5","5","5"
"2024/02/19 11:42:16 AM GMT+8","I agree to participate to this survey","CSCS20027","CSCS","2nd Year","Yes","I know some basic knowledge about LGBTQIA+","Female","Gender Queer (both)","Feminine","I am attracted to anyone REGARDLESS of their gender","5","5","5","5","5","5","5","3","5","5","3","1"
"2024/02/19 11:43:31 AM GMT+8","I agree to participate to this survey","CSCS20012","CSCS","2nd Year","Yes","I know some basic knowledge about LGBTQIA+","Female","Woman","Feminine","I am attracted to anyone REGARDLESS of their gender","3","4","4","5","4","4","2","5","1","1","2","4"
"2024/02/19 11:44:27 AM GMT+8","I agree to participate to this survey","CSCS10014","CSCS","1st Year","Yes","I know some basic knowledge about LGBTQIA+","Male","Man","Masculine","I am ONLY attracted to women","3","2","1","4","5","4","4","4","4","4","4","4"
"2024/02/19 11:44:29 AM GMT+8","I agree to participate to this survey","CTHM10012","CTHM","1st Year","Yes","I know some basic knowledge about LGBTQIA+","Male","Man","Masculine","I am attracted to anyone REGARDLESS of their gender","5","5","5","5","5","5","5","5","5","5","5","1"
"2024/02/19 11:44:56 AM GMT+8","I agree to participate to this survey","CSCS20028","CSCS","2nd Year","No","I know some basic knowledge about LGBTQIA+","Male","Man","Masculine","I am ONLY attracted to women","3","3","3","3","3","3","3","2","4","3","3","3"
"2024/02/19 11:45:10 AM GMT+8","I agree to participate to this survey","CSCS20013","CSCS","2nd Year","Yes","I am fully knowledgeable about LGBTQIA+","Female","Prefer not to disclose","Androgynous/Unisexual","I am NOT sexually attracted to anyone","4","4","4","3","4","5","5","4","5","3","5","1"
"2024/02/19 11:45:34 AM GMT+8","I agree to participate to this survey","CTHM10013","CTHM","1st Year","Yes","I know some basic knowledge about LGBTQIA+","Female","Woman","Feminine","I am attracted to anyone REGARDLESS of their gender","3","2","2","2","1","1","1","2","1","3","2","3"
"2024/02/19 11:46:54 AM GMT+8","I agree to participate to this survey","CSCS20029","CSCS","2nd Year","Yes","I know some basic knowledge about LGBTQIA+","Female","Woman","Androgynous/Unisexual","I am attracted to anyone REGARDLESS of their gender","4","5","5","4","3","5","4","4","5","4","1","1"
"2024/02/19 11:47:03 AM GMT+8","I agree to participate to this survey","CTHM20001","CTHM","2nd Year","Yes","I know some basic knowledge about LGBTQIA+","Prefer not to disclose","Prefer not to disclose","Feminine","I am attracted to anyone REGARDLESS of their gender","4","4","4","3","4","4","4","2","4","4","4","3"
"2024/02/19 11:49:20 AM GMT+8","I agree to participate to this survey","CSCS20030","CSCS","2nd Year","No","I know some basic knowledge about LGBTQIA+","Male","Man","Masculine","I am ONLY attracted to women","2","1","2","3","2","2","2","2","2","2","2","1"
"2024/02/19 11:49:34 AM GMT+8","I agree to participate to this survey","CTHM20002","CTHM","2nd Year","Yes","I know some basic knowledge about LGBTQIA+","Female","Woman","Feminine","I am ONLY attracted to men","5","5","4","4","5","5","5","5","5","4","5","5"
"2024/02/19 11:51:13 AM GMT+8","I agree to participate to this survey","CTHM20003","CTHM","2nd Year","No","I know nothing at all","Female","Woman","Androgynous/Unisexual","I am ONLY attracted to men","5","4","5","2","5","5","5","3","5","4","4","3"
"2024/02/19 11:51:24 AM GMT+8","I agree to participate to this survey","CSCS20014","CSCS","2nd Year","Yes","I know some basic knowledge about LGBTQIA+","Female","Woman","Feminine","I am NOT sexually attracted to anyone","4","4","4","4","5","5","4","4","4","4","3","4"
"2024/02/19 11:52:08 AM GMT+8","I agree to participate to this survey","CSCS10015","CSCS","1st Year","Yes","I know some basic knowledge about LGBTQIA+","Male","Man","Masculine","I am ONLY attracted to women","3","2","1","4","5","4","4","4","4","4","3","3"
"2024/02/19 11:52:27 AM GMT+8","I agree to participate to this survey","CSCS20031","CSCS","2nd Year","Yes","I know some basic knowledge about LGBTQIA+","Female","Woman","Feminine","I am ONLY attracted to men","3","3","4","2","3","4","4","4","3","4","3","2"
"2024/02/19 11:53:02 AM GMT+8","I agree to participate to this survey","CTHM20004","CTHM","2nd Year","Yes","I know some basic knowledge about LGBTQIA+","Female","Woman","Feminine","I am ONLY attracted to men","5","5","5","4","5","5","5","4","5","4","4","3"
"2024/02/19 11:53:40 AM GMT+8","I agree to participate to this survey","CSCS20015","CSCS","2nd Year","Yes","I know some basic knowledge about LGBTQIA+","Female","Woman","Prefer not to disclose","I am ONLY attracted to men","4","3","2","3","2","3","4","4","4","2","3","3"
"2024/02/19 11:55:20 AM GMT+8","I agree to participate to this survey","CTHM20005","CTHM","2nd Year","Yes","I know some basic knowledge about LGBTQIA+","Female","Woman","Feminine","I am attracted to anyone REGARDLESS of their gender","4","4","4","4","4","5","5","3","5","4","4","4"
"2024/02/19 11:55:32 AM GMT+8","I agree to participate to this survey","CSCS10016","CSCS","1st Year","Yes","I know some basic knowledge about LGBTQIA+","Female","Prefer not to disclose","Androgynous/Unisexual","I am attracted to anyone REGARDLESS of their gender","5","5","5","5","5","5","4","4","5","4","3","1"
"2024/02/19 11:56:03 AM GMT+8","I agree to participate to this survey","CSCS20016","CSCS","2nd Year","Yes","I know some basic knowledge about LGBTQIA+","Female","Prefer not to disclose","Feminine","I am attracted to anyone REGARDLESS of their gender","5","4","5","3","4","5","5","3","4","4","3","2"
"2024/02/19 11:57:36 AM GMT+8","I agree to participate to this survey","CTHM20006","CTHM","2nd Year","Yes","I know some basic knowledge about LGBTQIA+","Female","Woman","Masculine","I am ONLY attracted to men","5","5","5","4","5","5","4","4","5","5","5","4"
"2024/02/19 11:58:28 AM GMT+8","I agree to participate to this survey","CSCS10017","CSCS","1st Year","No","I know some basic knowledge about LGBTQIA+","Male","Man","Masculine","I am ONLY attracted to women","3","4","4","3","3","5","4","4","5","2","3","2"
"2024/02/19 11:58:33 AM GMT+8","I agree to participate to this survey","CSCS20017","CSCS","2nd Year","No","I know some basic knowledge about LGBTQIA+","Female","Prefer not to disclose","Androgynous/Unisexual","I am attracted to anyone REGARDLESS of their gender","4","3","3","3","4","4","4","4","4","3","4","3"
"2024/02/19 11:58:38 AM GMT+8","I agree to participate to this survey","CSCS20032","CSCS","2nd Year","Yes","I know some basic knowledge about LGBTQIA+","Female","Woman","Feminine","I am attracted to anyone REGARDLESS of their gender","3","3","4","3","4","4","4","3","4","3","3","1"
"2024/02/19 11:59:22 AM GMT+8","I agree to participate to this survey","CTHM20007","CTHM","2nd Year","Yes","I know some basic knowledge about LGBTQIA+","Female","Woman","Feminine","I am ONLY attracted to men","4","5","5","4","5","5","5","4","4","5","4","3"
"2024/02/19 11:59:42 AM GMT+8","I agree to participate to this survey","CSCS30012","CSCS","3rd Year","Yes","I know some basic knowledge about LGBTQIA+","Male","Man","Androgynous/Unisexual","I am attracted to anyone REGARDLESS of their gender","3","3","4","3","4","4","5","2","4","3","4","2"
"2024/02/19 12:00:19 PM GMT+8","I agree to participate to this survey","CSCS10018","CSCS","1st Year","Yes","I am fully knowledgeable about LGBTQIA+","Male","Gender Neutral (neither)","Androgynous/Unisexual","I am NOT sexually attracted to anyone","4","4","4","4","4","5","5","4","5","5","3","1"
"2024/02/19 12:00:22 PM GMT+8","I agree to participate to this survey","CTHM20008","CTHM","2nd Year","Yes","I know some basic knowledge about LGBTQIA+","Female","Woman","Feminine","I am ONLY attracted to men","4","4","4","4","4","5","5","5","5","4","4","5"
"2024/02/19 12:01:00 PM GMT+8","I agree to participate to this survey","CSCS20033","CSCS","2nd Year","Yes","I know some basic knowledge about LGBTQIA+","Female","Woman","Feminine","I am ONLY attracted to men","4","3","4","5","5","5","5","5","4","3","3","1"
"2024/02/19 12:01:04 PM GMT+8","I agree to participate to this survey","CSCS30013","CSCS","3rd Year","No","I know some basic knowledge about LGBTQIA+","Male","Man","Masculine","I am ONLY attracted to women","3","3","3","3","3","3","3","3","3","3","3","3"
"2024/02/19 12:01:21 PM GMT+8","I agree to participate to this survey","CTHM20009","CTHM","2nd Year","Yes","I know some basic knowledge about LGBTQIA+","Female","Woman","Feminine","I am ONLY attracted to men","4","5","4","4","4","5","5","4","4","3","3","3"
"2024/02/19 12:02:03 PM GMT+8","I agree to participate to this survey","CSCS10019","CSCS","1st Year","Yes","I am fully knowledgeable about LGBTQIA+","Female","Woman","Feminine","I am ONLY attracted to men","5","5","4","5","5","5","5","4","4","5","5","4"
"2024/02/19 12:03:16 PM GMT+8","I agree to participate to this survey","CSCS20034","CSCS","2nd Year","Yes","I know some basic knowledge about LGBTQIA+","Male","Man","Masculine","I am ONLY attracted to women","4","3","4","3","4","4","2","3","3","4","2","1"
"2024/02/19 12:03:55 PM GMT+8","I agree to participate to this survey","CSCS20018","CSCS","2nd Year","No","I know some basic knowledge about LGBTQIA+","Male","Man","Masculine","I am ONLY attracted to women","3","3","4","1","4","4","3","3","4","2","3","4"
"2024/02/19 12:04:03 PM GMT+8","I agree to participate to this survey","CSCS30014","CSCS","3rd Year","No","I know some basic knowledge about LGBTQIA+","Male","Man","Masculine","I am ONLY attracted to women","3","3","3","4","4","4","4","4","3","3","4","3"
"2024/02/19 12:04:12 PM GMT+8","I agree to participate to this survey","CSCS10020","CSCS","1st Year","Yes","I know some basic knowledge about LGBTQIA+","Female","Woman","Androgynous/Unisexual","I am ONLY attracted to men","3","4","4","3","5","5","5","4","4","3","3","1"
"2024/02/19 12:04:26 PM GMT+8","I agree to participate to this survey","CTHM20010","CTHM","2nd Year","No","I know some basic knowledge about LGBTQIA+","Female","Woman","Feminine","I am ONLY attracted to men","4","4","3","3","4","4","4","3","4","3","3","3"
"2024/02/19 12:04:59 PM GMT+8","I agree to participate to this survey","CSCS20019","CSCS","2nd Year","No","I know some basic knowledge about LGBTQIA+","Male","Man","Masculine","I am ONLY attracted to women","3","3","3","3","3","3","3","3","3","3","3","3"
"2024/02/19 12:05:37 PM GMT+8","I agree to participate to this survey","CSCS30015","CSCS","3rd Year","Yes","I know some basic knowledge about LGBTQIA+","Male","Man","Masculine","I am ONLY attracted to women","4","3","3","4","4","4","4","3","3","4","4","3"
"2024/02/19 12:06:06 PM GMT+8","I agree to participate to this survey","CSCS20020","CSCS","2nd Year","Yes","I know some basic knowledge about LGBTQIA+","Female","Woman","Feminine","I am ONLY attracted to men","5","5","5","4","5","5","5","4","5","5","3","4"
"2024/02/19 12:06:29 PM GMT+8","I agree to participate to this survey","CSCS10021","CSCS","1st Year","Yes","I know nothing at all","Male","Man","Masculine","I am ONLY attracted to women","3","2","4","4","3","4","5","4","5","4","4","4"
"2024/02/19 12:06:47 PM GMT+8","I agree to participate to this survey","CTHM20011","CTHM","2nd Year","Yes","I know some basic knowledge about LGBTQIA+","Male","Man","Masculine","I am ONLY attracted to women","4","4","5","5","4","5","5","5","4","4","4","3"
"2024/02/19 12:07:41 PM GMT+8","I agree to participate to this survey","CSCS30016","CSCS","3rd Year","No","I know some basic knowledge about LGBTQIA+","Male","Man","Masculine","I am ONLY attracted to women","4","4","4","4","4","4","4","4","4","4","4","4"
"2024/02/19 12:07:53 PM GMT+8","I agree to participate to this survey","CSCS20035","CSCS","2nd Year","Yes","I know some basic knowledge about LGBTQIA+","Female","Woman","Feminine","Prefer not to disclose","4","5","5","5","5","5","4","3","4","4","3","2"
"2024/02/19 12:07:58 PM GMT+8","I agree to participate to this survey","CTHM20012","CTHM","2nd Year","Yes","I know some basic knowledge about LGBTQIA+","Female","Woman","Androgynous/Unisexual","I am ONLY attracted to men","4","5","5","4","3","4","5","5","5","4","4","3"
"2024/02/19 12:08:22 PM GMT+8","I agree to participate to this survey","CTH20039","CSCS","2nd Year","Yes","I know some basic knowledge about LGBTQIA+","Prefer not to disclose","Prefer not to disclose","Prefer not to disclose","I am attracted to anyone REGARDLESS of their gender","3","3","3","3","3","3","3","3","3","3","3","3"
"2024/02/19 12:08:55 PM GMT+8","I agree to participate to this survey","CTHM20013","CTHM","2nd Year","No","I know nothing at all","Female","Woman","Feminine","I am ONLY attracted to men","4","3","3","3","4","5","5","4","5","4","3","3"
"2024/02/19 12:09:16 PM GMT+8","I agree to participate to this survey","CSCS20036","CSCS","2nd Year","No","I know some basic knowledge about LGBTQIA+","Female","Woman","Feminine","I am ONLY attracted to men","4","4","4","4","4","4","4","4","4","4","2","3"
"2024/02/19 12:09:25 PM GMT+8","I agree to participate to this survey","CSCS10022","CSCS","1st Year","Yes","I know some basic knowledge about LGBTQIA+","Male","Man","Masculine","I am ONLY attracted to women","4","5","4","3","4","5","5","2","5","3","4","1"
"2024/02/19 12:10:09 PM GMT+8","I agree to participate to this survey","CSCS30017","CSCS","3rd Year","No","I know some basic knowledge about LGBTQIA+","Male","Man","Masculine","I am ONLY attracted to women","4","4","4","3","4","5","5","4","5","5","3","4"
"2024/02/19 12:10:23 PM GMT+8","I agree to participate to this survey","CSCS20040","CSCS","2nd Year","Yes","I know some basic knowledge about LGBTQIA+","Female","Woman","Feminine","I am ONLY attracted to men","3","3","2","3","2","3","3","3","4","3","1","3"
"2024/02/19 12:10:52 PM GMT+8","I agree to participate to this survey","CSCS10023","CSCS","1st Year","Yes","I know some basic knowledge about LGBTQIA+","Male","Man","Masculine","I am ONLY attracted to women","5","5","5","5","5","5","5","3","4","4","2","1"
"2024/02/19 12:10:58 PM GMT+8","I agree to participate to this survey","CSCS20037","CSCS","2nd Year","Yes","I am fully knowledgeable about LGBTQIA+","Male","Man","Prefer not to disclose","I am ONLY attracted to men","5","5","5","4","5","5","5","4","5","4","2","1"
"2024/02/19 12:11:38 PM GMT+8","I agree to participate to this survey","CSCS30018","CSCS","3rd Year","No","I know some basic knowledge about LGBTQIA+","Male","Man","Androgynous/Unisexual","I am ONLY attracted to women","4","3","4","4","4","3","4","3","4","3","2","3"
"2024/02/19 12:12:01 PM GMT+8","I agree to participate to this survey","CTHM30001","CTHM","3rd Year","Yes","I am fully knowledgeable about LGBTQIA+","Female","Gender Queer (both)","Androgynous/Unisexual","I am attracted to anyone REGARDLESS of their gender","4","4","4","2","4","4","4","4","4","3","4","4"
"2024/02/19 12:12:36 PM GMT+8","I agree to participate to this survey","CSCS20038","CSCS","2nd Year","No","I know some basic knowledge about LGBTQIA+","Female","Gender Queer (both)","Androgynous/Unisexual","I am attracted to anyone REGARDLESS of their gender","4","4","4","4","4","4","4","3","4","3","4","4"
"2024/02/19 12:14:35 PM GMT+8","I agree to participate to this survey","CTHM30002","CTHM","3rd Year","Yes","I am fully knowledgeable about LGBTQIA+","Female","Woman","Androgynous/Unisexual","Prefer not to disclose","4","4","4","2","4","5","5","3","5","5","3","4"
"2024/02/19 12:14:56 PM GMT+8","I agree to participate to this survey","CSCS30019","CSCS","3rd Year","Yes","I know some basic knowledge about LGBTQIA+","Female","Woman","Prefer not to disclose","I am attracted to anyone REGARDLESS of their gender","4","4","4","4","4","5","5","4","5","4","3","1"
"2024/02/19 12:14:58 PM GMT+8","I agree to participate to this survey","CSCS40005","CSCS","4th Year","Yes","I know nothing at all","Male","Man","Masculine","I am ONLY attracted to women","3","4","3","4","4","3","5","3","4","4","1","1"
"2024/02/19 12:15:53 PM GMT+8","I agree to participate to this survey","CTHM30003","CTHM","3rd Year","Yes","I know some basic knowledge about LGBTQIA+","Female","Woman","Feminine","I am ONLY attracted to men","5","4","4","4","5","5","4","4","4","4","4","4"
"2024/02/19 12:16:18 PM GMT+8","I agree to participate to this survey","CSCS40001","CSCS","4th Year","Yes","I know some basic knowledge about LGBTQIA+","Female","Gender Queer (both)","Feminine","I am attracted to anyone REGARDLESS of their gender","4","5","5","5","4","4","4","5","5","5","5","5"
"2024/02/19 12:16:28 PM GMT+8","I agree to participate to this survey","CSCS40006","CSCS","4th Year","Yes","I know some basic knowledge about LGBTQIA+","Female","Woman","Androgynous/Unisexual","I am attracted to anyone REGARDLESS of their gender","3","4","4","5","5","4","3","5","5","4","5","4"
"2024/02/19 12:17:08 PM GMT+8","I agree to participate to this survey","CSCS30020","CSCS","3rd Year","Yes","I know some basic knowledge about LGBTQIA+","Female","Woman","Feminine","I am ONLY attracted to men","4","5","4","4","4","5","5","4","5","4","3","3"
"2024/02/19 12:17:16 PM GMT+8","I agree to participate to this survey","CTHM30004","CTHM","3rd Year","Yes","I know some basic knowledge about LGBTQIA+","Female","Woman","Feminine","I am ONLY attracted to men","5","5","5","4","5","5","5","4","3","4","3","3"
"2024/02/19 12:17:36 PM GMT+8","I agree to participate to this survey","CSCS40007","CSCS","4th Year","Yes","I know some basic knowledge about LGBTQIA+","Male","Man","Masculine","I am ONLY attracted to women","5","5","5","5","5","5","5","5","5","5","5","1"
"2024/02/19 12:18:03 PM GMT+8","I agree to participate to this survey","CTHM30005","CTHM","3rd Year","Yes","I know some basic knowledge about LGBTQIA+","Female","Woman","Feminine","I am ONLY attracted to men","5","5","3","5","4","5","5","5","5","5","4","4"
"2024/02/19 12:19:30 PM GMT+8","I agree to participate to this survey","CSCS30021","CSCS","3rd Year","Yes","I know some basic knowledge about LGBTQIA+","Female","Woman","Feminine","I am ONLY attracted to men","3","4","4","3","4","4","4","4","4","4","4","4"
"2024/02/19 12:19:51 PM GMT+8","I agree to participate to this survey","CTHM30006","CTHM","3rd Year","Yes","I know some basic knowledge about LGBTQIA+","Female","Woman","Feminine","I am ONLY attracted to men","4","4","4","4","4","5","4","4","5","5","3","3"
"2024/02/19 12:19:55 PM GMT+8","I agree to participate to this survey","CSCS40002","CSCS","4th Year","Yes","I know some basic knowledge about LGBTQIA+","Female","Gender Neutral (neither)","Feminine","I am attracted to anyone REGARDLESS of their gender","2","4","3","2","2","3","3","2","3","4","4","2"
"2024/02/19 12:21:04 PM GMT+8","I agree to participate to this survey","CSCS30022","CSCS","3rd Year","Yes","I am fully knowledgeable about LGBTQIA+","Male","Man","Masculine","I am ONLY attracted to women","5","5","5","4","5","5","5","4","5","4","4","4"
"2024/02/19 12:21:15 PM GMT+8","I agree to participate to this survey","CSCS20041","CSCS","4th Year","No","I know some basic knowledge about LGBTQIA+","Female","Woman","Feminine","I am ONLY attracted to men","4","4","5","2","4","4","4","4","4","4","4","3"
"2024/02/19 12:21:46 PM GMT+8","I agree to participate to this survey","CTHM30007","CTHM","3rd Year","Yes","I know some basic knowledge about LGBTQIA+","Female","Woman","Feminine","I am ONLY attracted to men","2","4","5","1","4","4","5","5","5","4","5","3"
"2024/02/19 12:21:57 PM GMT+8","I agree to participate to this survey","CSCS10024","CSCS","1st Year","No","I know some basic knowledge about LGBTQIA+","Male","Man","Masculine","I am ONLY attracted to women","4","4","4","3","4","4","5","4","4","4","5","3"
"2024/02/19 12:22:11 PM GMT+8","I agree to participate to this survey","CSCS40003","CSCS","4th Year","Yes","I am fully knowledgeable about LGBTQIA+","Female","Gender Neutral (neither)","Androgynous/Unisexual","I am attracted to anyone REGARDLESS of their gender","3","5","5","5","5","5","5","5","5","3","4","1"
"2024/02/19 12:22:38 PM GMT+8","I agree to participate to this survey","CTHM30008","CTHM","3rd Year","Yes","I know some basic knowledge about LGBTQIA+","Female","Woman","Feminine","I am ONLY attracted to men","4","4","5","2","5","5","5","5","5","4","4","2"
"2024/02/19 12:22:57 PM GMT+8","I agree to participate to this survey","CSCS30023","CSCS","3rd Year","Yes","I know some basic knowledge about LGBTQIA+","Male","Man","Masculine","I am ONLY attracted to women","4","5","5","3","4","4","3","3","5","4","4","3"
"2024/02/19 12:23:14 PM GMT+8","I agree to participate to this survey","CSCS20041","CSCS","2nd Year","Yes","I know some basic knowledge about LGBTQIA+","Female","Woman","Feminine","I am ONLY attracted to men","4","3","3","4","3","4","4","4","4","3","3","4"
"2024/02/19 12:23:33 PM GMT+8","I agree to participate to this survey","CTHM30009","CTHM","3rd Year","Yes","I am fully knowledgeable about LGBTQIA+","Female","Woman","Feminine","I am ONLY attracted to men","5","5","5","5","5","5","5","5","5","5","4","5"
"2024/02/19 12:24:16 PM GMT+8","I agree to participate to this survey","CSCS20042","CSCS","2nd Year","Yes","I know some basic knowledge about LGBTQIA+","Male","Man","Masculine","I am ONLY attracted to women","4","4","4","5","4","4","4","5","4","4","3","4"
"2024/02/19 12:24:19 PM GMT+8","I agree to participate to this survey","CSCS40004","CSCS","4th Year","Yes","I know some basic knowledge about LGBTQIA+","Female","Woman","Feminine","I am attracted to anyone REGARDLESS of their gender","4","3","4","4","3","4","5","4","5","4","5","1"
"2024/02/19 12:24:26 PM GMT+8","I agree to participate to this survey","CTHM40001","CTHM","4th Year","Yes","I know some basic knowledge about LGBTQIA+","Male","Man","Masculine","I am ONLY attracted to women","3","3","3","3","3","3","3","3","3","3","3","3"
"2024/02/19 12:24:30 PM GMT+8","I agree to participate to this survey","CSCS30024","CSCS","3rd Year","Yes","I know nothing at all","Female","Woman","Feminine","I am ONLY attracted to men","3","3","3","3","3","3","3","3","3","3","3","2"
"2024/02/19 12:24:37 PM GMT+8","I agree to participate to this survey","CSCS10025","CSCS","1st Year","Yes","I know some basic knowledge about LGBTQIA+","Male","Man","Masculine","I am ONLY attracted to women","2","4","5","3","5","4","4","3","4","2","3","2"
"2024/02/19 12:25:49 PM GMT+8","I agree to participate to this survey","CSCS30025","CSCS","3rd Year","Yes","I know some basic knowledge about LGBTQIA+","Female","Woman","Feminine","I am ONLY attracted to men","4","5","5","3","4","4","4","4","4","3","3","3"
"2024/02/19 12:25:54 PM GMT+8","I agree to participate to this survey","CTHM40002","CTHM","4th Year","Yes","I know some basic knowledge about LGBTQIA+","Female","Woman","Feminine","I am ONLY attracted to men","3","3","3","3","3","3","3","3","3","3","3","3"
"2024/02/19 12:26:44 PM GMT+8","I agree to participate to this survey","CTHM40003","CTHM","4th Year","Yes","I know some basic knowledge about LGBTQIA+","Female","Woman","Feminine","I am ONLY attracted to men","5","5","5","4","5","5","5","4","5","4","4","4"
"2024/02/19 12:26:55 PM GMT+8","I agree to participate to this survey","CSCS30026","CSCS","3rd Year","Yes","I know some basic knowledge about LGBTQIA+","Male","Prefer not to disclose","Prefer not to disclose","Prefer not to disclose","4","2","3","3","3","2","5","5","5","3","2","1"
"2024/02/19 12:28:34 PM GMT+8","I agree to participate to this survey","CSCS10026","CSCS","1st Year","Yes","I know some basic knowledge about LGBTQIA+","Male","Man","Masculine","I am ONLY attracted to women","4","5","4","3","3","4","4","3","3","3","2","1"
"2024/02/19 12:28:59 PM GMT+8","I agree to participate to this survey","CSCS30027","CSCS","3rd Year","Yes","I know some basic knowledge about LGBTQIA+","Female","Woman","Feminine","I am ONLY attracted to men","4","5","5","4","5","5","5","5","5","5","5","3"
"2024/02/19 12:30:06 PM GMT+8","I agree to participate to this survey","CSCS10027","CSCS","1st Year","No","I know some basic knowledge about LGBTQIA+","Male","Man","Masculine","I am ONLY attracted to women","4","4","5","4","5","5","5","5","5","5","5","5"
"2024/02/19 1:44:56 PM GMT+8","I agree to participate to this survey","CSCS30028","CSCS","3rd Year","Yes","I know some basic knowledge about LGBTQIA+","Female","Woman","Feminine","I am ONLY attracted to men","4","4","3","3","4","5","5","4","5","4","5","3"
"2024/02/19 1:46:12 PM GMT+8","I agree to participate to this survey","CSCS30029","CSCS","3rd Year","Yes","I am fully knowledgeable about LGBTQIA+","Female","Woman","Feminine","I am ONLY attracted to men","4","4","3","3","4","5","5","4","3","3","4","5"
"2024/02/19 1:47:27 PM GMT+8","I agree to participate to this survey","CSCS30030","CSCS","3rd Year","Yes","I am fully knowledgeable about LGBTQIA+","Female","Woman","Feminine","I am ONLY attracted to men","5","5","5","5","5","5","5","5","5","5","5","4"
"2024/02/19 1:49:55 PM GMT+8","I agree to participate to this survey","CSCS30031","CSCS","3rd Year","Yes","I am fully knowledgeable about LGBTQIA+","Female","Woman","Feminine","I am ONLY attracted to men","3","4","4","4","4","4","4","3","5","4","3","1"
"2024/02/19 1:50:59 PM GMT+8","I agree to participate to this survey","CSCS30032","CSCS","3rd Year","Yes","I know some basic knowledge about LGBTQIA+","Male","Man","Masculine","I am ONLY attracted to women","2","4","3","4","4","4","3","3","3","2","3","2"
"2024/02/19 1:52:45 PM GMT+8","I agree to participate to this survey","CSCS30033","CSCS","3rd Year","Yes","I know some basic knowledge about LGBTQIA+","Male","Man","Masculine","I am ONLY attracted to women","3","3","4","4","4","4","4","4","3","3","3","3"
"2024/02/19 1:55:46 PM GMT+8","I agree to participate to this survey","CSCS30034","CSCS","3rd Year","Yes","I know some basic knowledge about LGBTQIA+","Female","Woman","Androgynous/Unisexual","I am ONLY attracted to women","5","5","5","5","5","5","5","4","5","5","4","5"
"2024/02/19 1:56:40 PM GMT+8","I agree to participate to this survey","CSCS30035","CSCS","3rd Year","Yes","I know some basic knowledge about LGBTQIA+","Male","Man","Androgynous/Unisexual","I am attracted to anyone REGARDLESS of their gender","4","4","4","4","4","4","5","4","5","4","3","4"
"2024/02/19 1:57:37 PM GMT+8","I agree to participate to this survey","CSCS30036","CSCS","3rd Year","Yes","I know some basic knowledge about LGBTQIA+","Female","Woman","Feminine","I am ONLY attracted to men","4","4","4","4","4","4","4","4","4","4","3","3"
"2024/02/19 1:58:37 PM GMT+8","I agree to participate to this survey","CSCS30037","CSCS","3rd Year","Yes","I know some basic knowledge about LGBTQIA+","Male","Man","Androgynous/Unisexual","I am attracted to anyone REGARDLESS of their gender","4","4","4","4","4","4","4","4","4","4","4","4"
"2024/02/19 2:00:53 PM GMT+8","I agree to participate to this survey","CSCS30038","CSCS","3rd Year","No","I know some basic knowledge about LGBTQIA+","Male","Man","Androgynous/Unisexual","I am ONLY attracted to men","4","4","4","4","4","4","4","2","2","1","1","3"
"2024/02/19 2:02:01 PM GMT+8","I agree to participate to this survey","CSCS30039","CSCS","3rd Year","No","I know some basic knowledge about LGBTQIA+","Male","Man","Masculine","I am NOT sexually attracted to anyone","4","3","4","2","3","4","5","3","4","1","3","3"
"2024/02/19 2:03:08 PM GMT+8","I agree to participate to this survey","CLAC10001","CLAC","1st Year","Yes","I know some basic knowledge about LGBTQIA+","Male","Man","Masculine","I am ONLY attracted to women","4","4","5","3","5","5","5","5","4","5","3","4"
"2024/02/19 2:04:05 PM GMT+8","I agree to participate to this survey","CSCS30040","CSCS","3rd Year","No","I know some basic knowledge about LGBTQIA+","Female","Woman","Feminine","I am ONLY attracted to men","5","5","5","3","5","5","5","5","5","5","5","1"
"2024/02/19 2:04:40 PM GMT+8","I agree to participate to this survey","CLAC10002","CLAC","1st Year","No","I know nothing at all","Female","Woman","Feminine","I am ONLY attracted to men","4","5","4","3","4","4","3","4","5","4","4","5"
"2024/02/19 2:05:17 PM GMT+8","I agree to participate to this survey","CSCS30041","CSCS","3rd Year","Yes","I know some basic knowledge about LGBTQIA+","Male","Man","Masculine","I am ONLY attracted to women","4","5","5","3","4","5","4","3","4","2","1","1"
"2024/02/19 2:06:31 PM GMT+8","I agree to participate to this survey","CLAC10003","CLAC","1st Year","Yes","I am fully knowledgeable about LGBTQIA+","Female","Woman","Feminine","I am ONLY attracted to women","4","5","5","5","5","5","5","5","5","4","3","2"
"2024/02/19 2:08:12 PM GMT+8","I agree to participate to this survey","CLAC10004","CLAC","1st Year","Yes","I know some basic knowledge about LGBTQIA+","Intersex","Gender Queer (both)","Masculine","I am attracted to anyone REGARDLESS of their gender","3","4","4","4","4","5","5","4","4","3","2","2"
"2024/02/19 2:09:52 PM GMT+8","I agree to participate to this survey","CLAC10005","CLAC","1st Year","No","I am fully knowledgeable about LGBTQIA+","Female","Woman","Feminine","I am ONLY attracted to men","3","4","3","3","4","4","4","3","4","3","3","3"
"2024/02/19 2:11:05 PM GMT+8","I agree to participate to this survey","CLAC10006","CLAC","1st Year","Yes","I know some basic knowledge about LGBTQIA+","Female","Woman","Feminine","I am ONLY attracted to men","4","3","4","3","4","5","5","4","4","4","2","2"
"2024/02/19 2:12:30 PM GMT+8","I agree to participate to this survey","CLAC10007","CLAC","1st Year","Yes","I know some basic knowledge about LGBTQIA+","Male","Gender Neutral (neither)","Androgynous/Unisexual","I am attracted to anyone REGARDLESS of their gender","4","5","5","3","5","5","4","3","4","4","3","2"
"2024/02/19 2:13:56 PM GMT+8","I agree to participate to this survey","CLAC10008","CLAC","1st Year","Yes","I am fully knowledgeable about LGBTQIA+","Male","Man","Feminine","I am ONLY attracted to women","5","5","5","4","5","5","5","4","5","5","3","4"
"2024/02/19 2:15:33 PM GMT+8","I agree to participate to this survey","CLAC20001","CLAC","2nd Year","Yes","I know some basic knowledge about LGBTQIA+","Female","Woman","Feminine","I am ONLY attracted to men","3","4","5","5","5","5","3","5","4","3","2","4"
"2024/02/19 2:18:00 PM GMT+8","I agree to participate to this survey","CLAC20002","CLAC","2nd Year","Yes","I know some basic knowledge about LGBTQIA+","Female","Woman","Prefer not to disclose","I am ONLY attracted to men","5","4","5","4","5","5","5","4","4","4","2","1"
"2024/02/19 2:19:14 PM GMT+8","I agree to participate to this survey","CLAC20003","CLAC","2nd Year","No","I know some basic knowledge about LGBTQIA+","Female","Woman","Feminine","I am ONLY attracted to men","3","3","3","4","3","3","4","3","4","3","4","4"
"2024/02/19 2:20:37 PM GMT+8","I agree to participate to this survey","CLAC20004","CLAC","2nd Year","Yes","I know some basic knowledge about LGBTQIA+","Male","Man","Androgynous/Unisexual","I am ONLY attracted to women","3","4","3","4","3","3","4","3","3","3","4","4"
"2024/02/19 2:21:50 PM GMT+8","I agree to participate to this survey","CLAC20005","CLAC","2nd Year","Yes","I know some basic knowledge about LGBTQIA+","Female","Woman","Feminine","I am ONLY attracted to men","4","5","5","4","4","5","5","5","5","4","3","1"
"2024/02/19 2:22:57 PM GMT+8","I agree to participate to this survey","CLAC20006","CLAC","2nd Year","Yes","I know some basic knowledge about LGBTQIA+","Female","Woman","Feminine","I am ONLY attracted to women","4","5","5","3","5","5","5","5","5","4","4","1"
"2024/02/19 2:24:04 PM GMT+8","I agree to participate to this survey","CTHM20014","CTHM","2nd Year","No","I know some basic knowledge about LGBTQIA+","Female","Woman","Feminine","I am attracted to anyone REGARDLESS of their gender","4","5","5","3","4","5","5","4","5","4","4","3"
"2024/02/19 2:24:22 PM GMT+8","I agree to participate to this survey","CLAC20007","CLAC","2nd Year","Yes","I know some basic knowledge about LGBTQIA+","Female","Woman","Feminine","Prefer not to disclose","2","4","4","4","3","5","3","4","2","2","5","1"
"2024/02/19 2:24:59 PM GMT+8","I agree to participate to this survey","CTHM20015","CTHM","2nd Year","Yes","I know some basic knowledge about LGBTQIA+","Female","Woman","Feminine","I am attracted to anyone REGARDLESS of their gender","4","4","5","3","5","5","5","3","5","4","3","3"
"2024/02/19 2:25:23 PM GMT+8","I agree to participate to this survey","CLAC20008","CLAC","2nd Year","Yes","I am fully knowledgeable about LGBTQIA+","Female","Gender Queer (both)","Feminine","I am attracted to anyone REGARDLESS of their gender","5","5","5","5","5","5","5","5","5","5","5","5"
"2024/02/19 2:26:14 PM GMT+8","I agree to participate to this survey","CTHM20016","CTHM","2nd Year","Yes","I know some basic knowledge about LGBTQIA+","Male","Gender Queer (both)","Androgynous/Unisexual","I am ONLY attracted to men","5","5","5","5","5","5","5","5","5","5","5","5"
"2024/02/19 2:27:15 PM GMT+8","I agree to participate to this survey","CTHM20017","CTHM","2nd Year","Yes","I know some basic knowledge about LGBTQIA+","Female","Woman","Feminine","I am ONLY attracted to men","5","5","5","4","4","5","5","5","5","5","5","3"
"2024/02/19 2:27:24 PM GMT+8","I agree to participate to this survey","CLAC20009","CLAC","2nd Year","Yes","I am fully knowledgeable about LGBTQIA+","Male","Prefer not to disclose","Prefer not to disclose","Prefer not to disclose","3","4","3","4","4","4","3","4","3","2","4","1"
"2024/02/19 2:27:54 PM GMT+8","I agree to participate to this survey","CLAC30001","CLAC","3rd Year","Yes","I know some basic knowledge about LGBTQIA+","Female","Woman","Feminine","I am attracted to anyone REGARDLESS of their gender","4","4","4","4","5","4","4","4","4","5","3","3"
"2024/02/19 2:28:11 PM GMT+8","I agree to participate to this survey","CTHM20018","CTHM","2nd Year","Yes","I know some basic knowledge about LGBTQIA+","Female","Woman","Feminine","I am attracted to anyone REGARDLESS of their gender","5","5","5","2","5","5","5","4","5","5","4","1"
"2024/02/19 2:28:58 PM GMT+8","I agree to participate to this survey","CLAC20010","CLAC","2nd Year","No","I know some basic knowledge about LGBTQIA+","Female","Woman","Feminine","I am ONLY attracted to men","3","4","5","2","3","4","5","3","3","3","2","1"
"2024/02/19 2:29:02 PM GMT+8","I agree to participate to this survey","CLAC40001","CLAC","4th Year","Yes","I know some basic knowledge about LGBTQIA+","Male","Man","Androgynous/Unisexual","I am ONLY attracted to women","4","5","4","5","5","4","3","3","4","4","3","1"
"2024/02/19 2:29:12 PM GMT+8","I agree to participate to this survey","CTHM20019","CTHM","2nd Year","Yes","I know some basic knowledge about LGBTQIA+","Prefer not to disclose","Prefer not to disclose","Feminine","I am attracted to anyone REGARDLESS of their gender","5","5","5","2","5","5","5","5","5","5","5","4"
"2024/02/19 2:29:31 PM GMT+8","I agree to participate to this survey","CLAC30002","CLAC","3rd Year","Yes","I know some basic knowledge about LGBTQIA+","Male","Man","Masculine","I am ONLY attracted to women","4","3","4","3","4","4","4","4","4","3","4","2"
"2024/02/19 2:30:28 PM GMT+8","I agree to participate to this survey","CLAC20011","CLAC","2nd Year","Yes","I know some basic knowledge about LGBTQIA+","Male","Man","Masculine","I am ONLY attracted to women","4","5","5","5","4","5","5","4","5","5","5","3"
"2024/02/19 2:30:39 PM GMT+8","I agree to participate to this survey","CLAC40002","CLAC","4th Year","Yes","I know some basic knowledge about LGBTQIA+","Female","Woman","Feminine","I am ONLY attracted to men","4","4","4","3","4","4","4","3","4","4","4","3"
"2024/02/19 2:30:58 PM GMT+8","I agree to participate to this survey","CLAC30003","CLAC","3rd Year","Yes","I am fully knowledgeable about LGBTQIA+","Female","Prefer not to disclose","Feminine","I am ONLY attracted to men","5","5","5","5","5","5","5","5","5","5","4","1"
"2024/02/19 2:32:44 PM GMT+8","I agree to participate to this survey","CLAC20012","CLAC","2nd Year","Yes","I am fully knowledgeable about LGBTQIA+","Prefer not to disclose","Gender Queer (both)","Androgynous/Unisexual","I am attracted to anyone REGARDLESS of their gender","5","5","5","4","5","5","5","5","4","4","3","2"
"2024/02/19 2:33:39 PM GMT+8","I agree to participate to this survey","CLAC30004","CLAC","3rd Year","Yes","I am fully knowledgeable about LGBTQIA+","Prefer not to disclose","Woman","Feminine","I am ONLY attracted to men","5","5","5","5","5","5","5","5","5","5","4","1"
"2024/02/19 2:34:28 PM GMT+8","I agree to participate to this survey","CLAC20013","CLAC","2nd Year","Yes","I know some basic knowledge about LGBTQIA+","Female","Gender Queer (both)","Androgynous/Unisexual","I am attracted to anyone REGARDLESS of their gender","4","4","4","3","5","5","5","5","5","5","5","3"
"2024/02/19 2:34:34 PM GMT+8","I agree to participate to this survey","CTHM20020","CTHM","2nd Year","Yes","I know some basic knowledge about LGBTQIA+","Female","Woman","Feminine","I am ONLY attracted to men","4","5","4","3","4","5","5","4","5","4","3","3"
"2024/02/19 2:34:45 PM GMT+8","I agree to participate to this survey","CLAC40003","CLAC","4th Year","Yes","I know some basic knowledge about LGBTQIA+","Female","Woman","Feminine","I am ONLY attracted to men","5","4","5","5","4","5","5","3","5","3","4","3"
"2024/02/19 2:35:18 PM GMT+8","I agree to participate to this survey","CLAC30005","CLAC","3rd Year","Yes","I am fully knowledgeable about LGBTQIA+","Prefer not to disclose","Woman","Androgynous/Unisexual","I am attracted to anyone REGARDLESS of their gender","5","5","5","5","5","5","5","5","5","5","3","1"
"2024/02/19 2:36:17 PM GMT+8","I agree to participate to this survey","CLAC40004","CLAC","4th Year","Yes","I know some basic knowledge about LGBTQIA+","Male","Man","Masculine","I am ONLY attracted to women","4","5","5","5","5","5","5","3","5","5","4","4"
"2024/02/19 2:36:28 PM GMT+8","I agree to participate to this survey","CLAC20014","CLAC","2nd Year","Yes","I know some basic knowledge about LGBTQIA+","Female","Woman","Feminine","I am ONLY attracted to men","4","4","4","4","4","5","3","3","3","4","3","3"
"2024/02/19 2:36:58 PM GMT+8","I agree to participate to this survey","CLAC30006","CLAC","3rd Year","Yes","I am fully knowledgeable about LGBTQIA+","Prefer not to disclose","Woman","Feminine","Prefer not to disclose","5","5","5","5","5","5","5","5","5","5","4","1"
"2024/02/19 2:37:27 PM GMT+8","I agree to participate to this survey","CLAC40005","CLAC","4th Year","Yes","I know some basic knowledge about LGBTQIA+","Male","Gender Neutral (neither)","Feminine","I am ONLY attracted to men","4","4","3","3","4","4","4","3","3","3","3","2"
"2024/02/19 2:37:49 PM GMT+8","I agree to participate to this survey","CLAC20015","CLAC","2nd Year","Yes","I know some basic knowledge about LGBTQIA+","Female","Woman","Feminine","I am attracted to anyone REGARDLESS of their gender","5","5","5","4","5","5","5","5","5","5","4","2"
"2024/02/19 2:38:49 PM GMT+8","I agree to participate to this survey","CLAC40006","CLAC","4th Year","Yes","I am fully knowledgeable about LGBTQIA+","Female","Woman","Androgynous/Unisexual","I am attracted to anyone REGARDLESS of their gender","5","5","5","5","5","5","5","5","5","4","2","1"
"2024/02/19 2:38:50 PM GMT+8","I agree to participate to this survey","CLAC30007","CLAC","3rd Year","Yes","I am fully knowledgeable about LGBTQIA+","Male","Gender Neutral (neither)","Androgynous/Unisexual","I am attracted to anyone REGARDLESS of their gender","5","5","3","2","2","4","3","4","3","2","3","4"
"2024/02/19 2:38:54 PM GMT+8","I agree to participate to this survey","CTHM20021","CTHM","2nd Year","Yes","I know some basic knowledge about LGBTQIA+","Female","Woman","Feminine","I am ONLY attracted to men","5","5","4","5","5","5","5","4","4","4","4","3"
"2024/02/19 2:39:23 PM GMT+8","I agree to participate to this survey","CLAC20016","CLAC","2nd Year","Yes","I know some basic knowledge about LGBTQIA+","Male","Gender Queer (both)","Androgynous/Unisexual","Prefer not to disclose","4","4","4","3","4","4","4","3","4","4","4","3"
"2024/02/19 2:40:28 PM GMT+8","I agree to participate to this survey","CTHM20022","CTHM","2nd Year","Yes","I know some basic knowledge about LGBTQIA+","Female","Woman","Feminine","I am ONLY attracted to men","4","4","5","4","4","5","5","4","4","3","3","3"
"2024/02/19 2:40:31 PM GMT+8","I agree to participate to this survey","CLAC30008","CLAC","3rd Year","Yes","I am fully knowledgeable about LGBTQIA+","Prefer not to disclose","Prefer not to disclose","Feminine","I am ONLY attracted to men","5","5","5","5","5","5","5","5","5","5","4","1"
"2024/02/19 2:41:23 PM GMT+8","I agree to participate to this survey","CLAC20017","CLAC","2nd Year","Yes","I know some basic knowledge about LGBTQIA+","Female","Woman","Androgynous/Unisexual","I am ONLY attracted to men","5","4","5","5","4","5","5","4","3","3","4","4"
"2024/02/19 2:41:36 PM GMT+8","I agree to participate to this survey","CLAC30009","CLAC","3rd Year","Yes","I am fully knowledgeable about LGBTQIA+","Male","Man","Masculine","I am ONLY attracted to women","5","5","5","5","5","5","5","5","5","5","5","5"
"2024/02/19 2:41:44 PM GMT+8","I agree to participate to this survey","CTHM20023","CTHM","2nd Year","Yes","I know some basic knowledge about LGBTQIA+","Female","Woman","Feminine","I am attracted to anyone REGARDLESS of their gender","5","5","5","4","5","5","5","3","5","5","4","3"
"2024/02/19 2:42:25 PM GMT+8","I agree to participate to this survey","CLAC40007","CLAC","4th Year","Yes","I know some basic knowledge about LGBTQIA+","Male","Man","Masculine","I am ONLY attracted to women","4","4","5","4","3","4","5","3","3","3","4","4"
"2024/02/19 2:42:49 PM GMT+8","I agree to participate to this survey","CTHM20024","CTHM","2nd Year","Yes","I know nothing at all","Female","Woman","Androgynous/Unisexual","I am attracted to anyone REGARDLESS of their gender","5","5","5","3","4","5","4","5","5","5","4","3"
"2024/02/19 2:42:56 PM GMT+8","I agree to participate to this survey","CLAC20018","CLAC","2nd Year","Yes","I know some basic knowledge about LGBTQIA+","Male","Man","Masculine","I am ONLY attracted to women","3","4","4","5","2","2","4","1","5","3","3","5"
"2024/02/19 2:43:11 PM GMT+8","I agree to participate to this survey","CLAC30010","CLAC","3rd Year","Yes","I am fully knowledgeable about LGBTQIA+","Prefer not to disclose","Woman","Feminine","I am ONLY attracted to men","5","5","5","5","5","5","5","5","5","5","3","1"
"2024/02/19 2:43:56 PM GMT+8","I agree to participate to this survey","CTHM20025","CTHM","2nd Year","No","I know some basic knowledge about LGBTQIA+","Female","Woman","Feminine","I am ONLY attracted to men","4","5","5","4","5","5","5","4","5","5","4","3"
"2024/02/19 2:44:04 PM GMT+8","I agree to participate to this survey","CLAC40008","CLAC","4th Year","Yes","I know some basic knowledge about LGBTQIA+","Female","Woman","Feminine","I am attracted to anyone REGARDLESS of their gender","5","5","5","5","5","5","5","5","5","5","2","2"
"2024/02/19 2:44:58 PM GMT+8","I agree to participate to this survey","CTHM20026","CTHM","2nd Year","Yes","I know some basic knowledge about LGBTQIA+","Female","Woman","Feminine","I am ONLY attracted to men","4","5","5","4","3","5","5","5","4","2","4","3"
"2024/02/19 2:45:12 PM GMT+8","I agree to participate to this survey","CTHM10014","CTHM","1st Year","Yes","I am fully knowledgeable about LGBTQIA+","Female","Gender Neutral (neither)","Feminine","I am attracted to anyone REGARDLESS of their gender","4","4","5","4","5","5","5","5","5","5","3","5"
"2024/02/19 2:45:44 PM GMT+8","I agree to participate to this survey","CTHM20027","CTHM","2nd Year","Yes","I know some basic knowledge about LGBTQIA+","Female","Woman","Feminine","I am ONLY attracted to men","5","5","5","5","5","5","5","4","5","5","5","4"
"2024/02/19 2:45:46 PM GMT+8","I agree to participate to this survey","CLAC40009","CLAC","4th Year","Yes","I know some basic knowledge about LGBTQIA+","Female","Woman","Feminine","I am ONLY attracted to men","4","4","4","4","4","5","5","4","5","5","3","2"
"2024/02/19 2:47:07 PM GMT+8","I agree to participate to this survey","CTHM20028","CTHM","2nd Year","Yes","I know some basic knowledge about LGBTQIA+","Female","Woman","Feminine","I am ONLY attracted to men","4","5","4","4","4","5","5","5","5","5","4","2"
"2024/02/19 2:47:21 PM GMT+8","I agree to participate to this survey","CTHM10015","CTHM","1st Year","Yes","I know some basic knowledge about LGBTQIA+","Female","Woman","Feminine","I am ONLY attracted to men","3","3","4","3","5","5","5","3","5","4","2","2"
"2024/02/19 2:47:54 PM GMT+8","I agree to participate to this survey","CLAC40010","CLAC","4th Year","Yes","I know some basic knowledge about LGBTQIA+","Female","Woman","Androgynous/Unisexual","I am attracted to anyone REGARDLESS of their gender","4","5","5","4","5","5","4","5","5","4","4","3"
"2024/02/19 2:48:12 PM GMT+8","I agree to participate to this survey","CTHM20029","CTHM","2nd Year","No","I know some basic knowledge about LGBTQIA+","Female","Woman","Feminine","I am ONLY attracted to men","4","4","4","3","4","5","5","4","5","4","4","4"
"2024/02/19 2:48:29 PM GMT+8","I agree to participate to this survey","CTHM10016","CTHM","1st Year","Yes","I know some basic knowledge about LGBTQIA+","Female","Woman","Feminine","I am ONLY attracted to men","4","4","4","5","5","5","4","4","4","3","3","3"
"2024/02/19 2:49:03 PM GMT+8","I agree to participate to this survey","CTHM20030","CTHM","2nd Year","Yes","I know some basic knowledge about LGBTQIA+","Male","Man","Masculine","I am ONLY attracted to women","4","4","4","4","4","4","5","4","5","3","2","1"
"2024/02/19 2:49:46 PM GMT+8","I agree to participate to this survey","CTHM30010","CTHM","3rd Year","No","I know some basic knowledge about LGBTQIA+","Female","Woman","Feminine","I am ONLY attracted to men","3","4","5","3","5","4","4","4","3","3","4","3"
"2024/02/19 2:50:53 PM GMT+8","I agree to participate to this survey","CTHM30011","CTHM","3rd Year","Yes","I know some basic knowledge about LGBTQIA+","Male","Man","Masculine","I am ONLY attracted to women","4","5","5","5","4","4","5","4","4","4","3","5"
"2024/02/19 2:52:38 PM GMT+8","I agree to participate to this survey","CTHM30012","CTHM","3rd Year","Yes","I know some basic knowledge about LGBTQIA+","Male","Man","Masculine","I am ONLY attracted to men","3","3","3","5","5","5","3","3","3","3","2","1"
"2024/02/19 2:54:28 PM GMT+8","I agree to participate to this survey","CTHM30013","CTHM","3rd Year","Yes","I know some basic knowledge about LGBTQIA+","Male","Man","Masculine","I am ONLY attracted to women","4","4","4","5","4","5","5","4","5","5","4","4"
"2024/02/19 2:56:05 PM GMT+8","I agree to participate to this survey","CTHM30014","CTHM","3rd Year","No","I know some basic knowledge about LGBTQIA+","Male","Man","Masculine","I am ONLY attracted to women","3","3","2","4","4","4","5","4","5","4","3","4"
"2024/02/19 2:58:24 PM GMT+8","I agree to participate to this survey","CTHM30015","CTHM","3rd Year","Yes","I know some basic knowledge about LGBTQIA+","Female","Woman","Feminine","I am ONLY attracted to men","5","5","5","4","5","5","5","4","5","4","4","4"
"2024/02/19 2:59:22 PM GMT+8","I agree to participate to this survey","CTHM30016","CTHM","3rd Year","Yes","I know some basic knowledge about LGBTQIA+","Female","Woman","Feminine","I am ONLY attracted to men","4","4","5","3","4","4","5","4","5","4","4","3"
"2024/02/19 3:00:34 PM GMT+8","I agree to participate to this survey","CTHM30017","CTHM","3rd Year","Yes","I know some basic knowledge about LGBTQIA+","Female","Woman","Feminine","I am ONLY attracted to men","4","4","4","4","4","4","4","4","4","4","4","4"
"2024/02/19 3:05:30 PM GMT+8","I agree to participate to this survey","CTHM30018","CTHM","3rd Year","Yes","I know some basic knowledge about LGBTQIA+","Female","Woman","Feminine","I am ONLY attracted to men","4","4","4","4","5","5","5","4","5","4","5","4"
"2024/02/19 3:06:36 PM GMT+8","I agree to participate to this survey","CTHM30019","CTHM","3rd Year","No","I know some basic knowledge about LGBTQIA+","Female","Woman","Feminine","I am ONLY attracted to men","4","4","3","4","5","5","5","5","5","5","4","3"
"2024/02/19 3:07:41 PM GMT+8","I agree to participate to this survey","CTHM30020","CTHM","3rd Year","Yes","I am fully knowledgeable about LGBTQIA+","Female","Woman","Feminine","I am ONLY attracted to men","5","5","5","5","5","5","5","5","5","5","5","5"
"2024/02/19 3:08:48 PM GMT+8","I agree to participate to this survey","CTHM30021","CTHM","3rd Year","Yes","I know some basic knowledge about LGBTQIA+","Female","Woman","Feminine","I am ONLY attracted to men","5","5","5","5","5","5","5","5","5","5","4","3"
"2024/02/19 3:09:59 PM GMT+8","I agree to participate to this survey","CTHM30022","CTHM","3rd Year","Yes","I am fully knowledgeable about LGBTQIA+","Male","Man","Androgynous/Unisexual","Prefer not to disclose","3","5","5","4","3","4","3","4","2","3","3","4"
"2024/02/19 3:11:51 PM GMT+8","I agree to participate to this survey","CTHM30023","CTHM","3rd Year","No","I know some basic knowledge about LGBTQIA+","Female","Woman","Feminine","I am ONLY attracted to men","3","3","3","3","3","3","3","3","3","3","3","3"
"2024/02/19 3:12:51 PM GMT+8","I agree to participate to this survey","CTHM30024","CTHM","3rd Year","No","I know some basic knowledge about LGBTQIA+","Male","Man","Masculine","I am ONLY attracted to women","3","3","3","3","3","3","3","3","3","3","3","3"
"2024/02/19 3:45:09 PM GMT+8","I agree to participate to this survey","CLAC10009","CLAC","1st Year","Yes","I know some basic knowledge about LGBTQIA+","Female","Woman","Feminine","I am attracted to anyone REGARDLESS of their gender","3","4","4","2","3","4","4","3","4","4","4","1"
"2024/02/19 3:47:10 PM GMT+8","I agree to participate to this survey","CLAC10010","CLAC","1st Year","Yes","I know some basic knowledge about LGBTQIA+","Female","Woman","Masculine","I am attracted to anyone REGARDLESS of their gender","2","4","4","2","3","4","3","3","4","2","3","2"
"2024/02/19 3:48:53 PM GMT+8","I agree to participate to this survey","CLAC20019","CLAC","2nd Year","Yes","I know some basic knowledge about LGBTQIA+","Female","Woman","Androgynous/Unisexual","I am ONLY attracted to men","5","5","5","4","5","5","5","4","5","5","4","4"
"2024/02/19 3:50:31 PM GMT+8","I agree to participate to this survey","CLAC20020","CLAC","2nd Year","Yes","I know some basic knowledge about LGBTQIA+","Female","Woman","Feminine","I am ONLY attracted to men","5","5","5","5","5","5","5","5","5","5","5","3"
"2024/02/19 3:51:56 PM GMT+8","I agree to participate to this survey","CLAC20021","CLAC","2nd Year","Yes","I know some basic knowledge about LGBTQIA+","Female","Woman","Feminine","I am ONLY attracted to men","4","4","4","4","4","5","5","4","4","4","4","2"
"2024/02/19 3:54:55 PM GMT+8","I agree to participate to this survey","CLAC30011","CLAC","3rd Year","Yes","I know some basic knowledge about LGBTQIA+","Female","Woman","Feminine","I am ONLY attracted to men","4","4","4","4","4","5","5","4","5","5","5","3"
"2024/02/19 3:56:38 PM GMT+8","I agree to participate to this survey","CLAC30012","CLAC","3rd Year","Yes","I am fully knowledgeable about LGBTQIA+","Male","Gender Queer (both)","Androgynous/Unisexual","I am attracted to anyone REGARDLESS of their gender","5","5","5","4","5","5","5","4","5","5","1","1"
"2024/02/19 3:58:03 PM GMT+8","I agree to participate to this survey","CLAC30013","CLAC","3rd Year","Yes","I know some basic knowledge about LGBTQIA+","Intersex","Gender Queer (both)","Androgynous/Unisexual","I am attracted to anyone REGARDLESS of their gender","3","4","4","2","3","4","4","4","4","4","3","1"
"2024/02/19 4:01:38 PM GMT+8","I agree to participate to this survey","CLAC30014","CLAC","3rd Year","Yes","I know some basic knowledge about LGBTQIA+","Male","Man","Masculine","I am ONLY attracted to women","4","3","4","4","4","4","5","3","4","5","5","3"
"2024/02/19 4:04:43 PM GMT+8","I agree to participate to this survey","CLAC40011","CLAC","4th Year","Yes","I know some basic knowledge about LGBTQIA+","Female","Woman","Feminine","I am ONLY attracted to men","3","4","4","3","4","3","4","3","4","3","4","3"
"2024/02/19 4:08:18 PM GMT+8","I agree to participate to this survey","CLAC40012","CLAC","4th Year","No","I know some basic knowledge about LGBTQIA+","Female","Woman","Feminine","I am attracted to anyone REGARDLESS of their gender","5","4","4","3","3","5","4","3","4","4","4","1"
"2024/02/19 4:10:09 PM GMT+8","I agree to participate to this survey","CLAC40013","CLAC","4th Year","Yes","I know some basic knowledge about LGBTQIA+","Female","Woman","Feminine","I am ONLY attracted to men","5","5","4","3","4","5","5","5","4","3","5","3"
"2024/02/19 4:14:24 PM GMT+8","I agree to participate to this survey","CLAC40014","CLAC","4th Year","Yes","I know some basic knowledge about LGBTQIA+","Female","Woman","Feminine","I am ONLY attracted to men","4","4","3","4","4","5","4","3","4","4","3","1"
"2024/02/19 7:39:44 PM GMT+8","I agree to participate to this survey","CLAC30015","CLAC","3rd Year","Yes","I know some basic knowledge about LGBTQIA+","Male","Man","Androgynous/Unisexual","I am ONLY attracted to women","4","4","4","4","4","4","4","3","4","4","1","1"
"2024/02/19 7:41:03 PM GMT+8","I agree to participate to this survey","CLAC10013","CLAC","1st Year","Yes","I am fully knowledgeable about LGBTQIA+","Male","Man","Androgynous/Unisexual","I am attracted to anyone REGARDLESS of their gender","4","5","5","5","5","5","5","3","5","4","1","1"
"2024/02/19 7:42:01 PM GMT+8","I agree to participate to this survey","CLAC10012","CLAC","1st Year","Yes","I know some basic knowledge about LGBTQIA+","Female","Woman","Feminine","I am ONLY attracted to men","4","5","5","5","5","5","5","3","4","3","2","3"
"2024/02/19 7:43:04 PM GMT+8","I agree to participate to this survey","CLAC10011","CLAC","1st Year","Yes","I know some basic knowledge about LGBTQIA+","Female","Gender Queer (both)","Androgynous/Unisexual","I am attracted to anyone REGARDLESS of their gender","4","5","5","4","5","5","5","5","5","4","1","1"
"2024/02/19 7:44:15 PM GMT+8","I agree to participate to this survey","CLAC20023","CLAC","2nd Year","Yes","I know some basic knowledge about LGBTQIA+","Female","Woman","Androgynous/Unisexual","I am attracted to anyone REGARDLESS of their gender","3","4","5","4","5","5","4","4","4","2","4","2"
"2024/02/19 7:45:23 PM GMT+8","I agree to participate to this survey","CLAC20022","CLAC","2nd Year","Yes","I am fully knowledgeable about LGBTQIA+","Female","Woman","Androgynous/Unisexual","I am ONLY attracted to men","3","4","5","4","5","5","4","5","5","4","3","2"
"2024/02/20 1:08:30 PM GMT+8","I agree to participate to this survey","CTHM20031","CTHM","2nd Year","No","I know some basic knowledge about LGBTQIA+","Male","Man","Androgynous/Unisexual","I am ONLY attracted to women","3","3","4","2","4","4","4","2","4","2","1","2"
"2024/02/20 4:07:27 PM GMT+8","I agree to participate to this survey","CLAC20024","CLAC","2nd Year","Yes","I know some basic knowledge about LGBTQIA+","Female","Woman","Androgynous/Unisexual","I am ONLY attracted to men","4","4","3","3","4","4","4","4","4","4","3","3"
"2024/02/20 4:17:29 PM GMT+8","I agree to participate to this survey","CTHM10017","CTHM","1st Year","No","I know some basic knowledge about LGBTQIA+","Female","Woman","Feminine","I am ONLY attracted to men","5","5","5","5","5","5","4","3","4","3","2","1"
"2024/02/20 4:19:04 PM GMT+8","I agree to participate to this survey","CTHM10018","CTHM","1st Year","No","I know some basic knowledge about LGBTQIA+","Female","Woman","Feminine","I am ONLY attracted to men","5","4","5","5","5","5","5","5","5","4","4","4"
"2024/02/20 4:20:27 PM GMT+8","I agree to participate to this survey","CTHM10019","CTHM","1st Year","No","I know some basic knowledge about LGBTQIA+","Female","Woman","Feminine","I am ONLY attracted to men","3","4","2","3","4","5","4","2","4","3","2","2"
"2024/02/20 4:21:54 PM GMT+8","I agree to participate to this survey","CTHM10020","CTHM","1st Year","Yes","I am fully knowledgeable about LGBTQIA+","Female","Gender Queer (both)","Androgynous/Unisexual","I am attracted to anyone REGARDLESS of their gender","4","4","4","4","5","5","5","3","5","4","3","3"
"2024/02/20 4:23:13 PM GMT+8","I agree to participate to this survey","CTHM10021","CTHM","1st Year","Yes","I know some basic knowledge about LGBTQIA+","Female","Woman","Feminine","I am ONLY attracted to men","3","4","4","2","4","4","4","3","4","4","4","2"
"2024/02/20 4:24:39 PM GMT+8","I agree to participate to this survey","CTHM10022","CTHM","1st Year","Yes","I am fully knowledgeable about LGBTQIA+","Female","Gender Queer (both)","Androgynous/Unisexual","I am attracted to anyone REGARDLESS of their gender","5","5","5","5","5","5","5","4","5","5","5","1"
"2024/02/20 4:25:43 PM GMT+8","I agree to participate to this survey","CTHM10023","CTHM","1st Year","Yes","I know some basic knowledge about LGBTQIA+","Female","Woman","Feminine","I am ONLY attracted to men","5","5","4","4","4","5","5","5","5","5","5","3"
"2024/02/20 4:26:54 PM GMT+8","I agree to participate to this survey","CLAC10014","CLAC","1st Year","Yes","I know some basic knowledge about LGBTQIA+","Female","Woman","Feminine","I am ONLY attracted to men","4","4","5","4","4","5","5","3","4","4","1","4"
"2024/02/20 4:26:57 PM GMT+8","I agree to participate to this survey","CTHM10024","CTHM","1st Year","Yes","I know some basic knowledge about LGBTQIA+","Female","Woman","Feminine","I am ONLY attracted to men","5","5","5","5","5","5","5","5","5","5","5","5"
"2024/02/20 4:28:03 PM GMT+8","I agree to participate to this survey","CLAC10015","CLAC","1st Year","Yes","I know some basic knowledge about LGBTQIA+","Female","Woman","Feminine","I am attracted to anyone REGARDLESS of their gender","4","4","5","4","5","5","5","4","5","4","2","2"
"2024/02/20 4:28:21 PM GMT+8","I agree to participate to this survey","CTHM10025","CTHM","1st Year","No","I know some basic knowledge about LGBTQIA+","Male","Man","Masculine","I am ONLY attracted to women","5","5","5","5","5","5","5","5","5","5","5","5"
"2024/02/20 4:29:07 PM GMT+8","I agree to participate to this survey","CLAC10016","CLAC","1st Year","Yes","I am fully knowledgeable about LGBTQIA+","Male","Man","Androgynous/Unisexual","I am ONLY attracted to men","4","4","4","3","4","5","5","4","5","4","4","1"
"2024/02/20 4:29:55 PM GMT+8","I agree to participate to this survey","CTHM10026","CTHM","1st Year","Yes","I know some basic knowledge about LGBTQIA+","Male","Man","Androgynous/Unisexual","I am ONLY attracted to women","5","5","5","5","5","5","5","5","5","5","5","5"
"2024/02/20 4:30:19 PM GMT+8","I agree to participate to this survey","CLAC10017","CLAC","1st Year","Yes","I am fully knowledgeable about LGBTQIA+","Female","Woman","Feminine","I am ONLY attracted to men","5","4","5","5","5","5","5","4","5","4","1","1"
"2024/02/20 4:31:20 PM GMT+8","I agree to participate to this survey","CLAC10018","CLAC","1st Year","Yes","I know some basic knowledge about LGBTQIA+","Female","Woman","Feminine","I am ONLY attracted to men","4","4","3","4","5","3","4","3","3","2","4","1"
"2024/02/20 4:31:22 PM GMT+8","I agree to participate to this survey","CTHM10027","CTHM","1st Year","Yes","I know some basic knowledge about LGBTQIA+","Male","Man","Masculine","I am ONLY attracted to women","3","3","3","5","3","4","3","3","3","3","5","1"
"2024/02/20 4:32:54 PM GMT+8","I agree to participate to this survey","CTHM10028","CTHM","1st Year","Yes","I know some basic knowledge about LGBTQIA+","Male","Man","Androgynous/Unisexual","Prefer not to disclose","5","5","5","5","5","5","5","5","5","5","5","5"
"2024/02/20 4:33:24 PM GMT+8","I agree to participate to this survey","CLAC10019","CLAC","1st Year","No","I am fully knowledgeable about LGBTQIA+","Female","Woman","Feminine","I am ONLY attracted to men","3","5","4","3","3","5","5","4","4","2","5","3"
"2024/02/20 4:34:15 PM GMT+8","I agree to participate to this survey","CLAC10020","CLAC","1st Year","Yes","I am fully knowledgeable about LGBTQIA+","Male","Man","Masculine","Prefer not to disclose","5","5","5","4","5","5","5","2","5","5","1","1"
"2024/02/20 4:34:15 PM GMT+8","I agree to participate to this survey","CTHM10029","CTHM","1st Year","No","I know some basic knowledge about LGBTQIA+","Male","Man","Masculine","I am ONLY attracted to women","4","4","4","2","4","4","4","3","4","4","4","2"
"2024/02/20 4:35:38 PM GMT+8","I agree to participate to this survey","CLAC20025","CLAC","2nd Year","Yes","I am fully knowledgeable about LGBTQIA+","Male","Man","Prefer not to disclose","I am ONLY attracted to women","4","5","4","3","4","5","4","3","4","4","5","1"
"2024/02/20 4:36:32 PM GMT+8","I agree to participate to this survey","CTHM10030","CTHM","1st Year","No","I know nothing at all","Male","Man","Masculine","I am attracted to anyone REGARDLESS of their gender","3","3","3","3","4","4","4","3","3","4","3","3"
"2024/02/20 4:37:12 PM GMT+8","I agree to participate to this survey","CLAC20026","CLAC","2nd Year","Yes","I am fully knowledgeable about LGBTQIA+","Female","Woman","Masculine","I am ONLY attracted to women","4","4","5","5","4","5","4","3","4","3","3","5"
"2024/02/20 4:37:51 PM GMT+8","I agree to participate to this survey","CTHM10031","CTHM","1st Year","Yes","I know some basic knowledge about LGBTQIA+","Male","Woman","Feminine","I am ONLY attracted to men","5","4","5","4","5","4","5","4","5","4","5","4"
"2024/02/20 4:39:29 PM GMT+8","I agree to participate to this survey","CTHM10032","CTHM","1st Year","Yes","I know some basic knowledge about LGBTQIA+","Female","Woman","Feminine","I am ONLY attracted to men","5","3","4","4","3","4","5","4","5","4","3","2"
"2024/02/20 4:39:30 PM GMT+8","I agree to participate to this survey","CLAC20027","CLAC","2nd Year","Yes","I am fully knowledgeable about LGBTQIA+","Female","Woman","Feminine","I am ONLY attracted to men","5","5","5","5","5","5","5","5","5","5","5","1"
"2024/02/20 4:40:47 PM GMT+8","I agree to participate to this survey","CLAC20028","CLAC","2nd Year","Yes","I know some basic knowledge about LGBTQIA+","Male","Man","Androgynous/Unisexual","I am ONLY attracted to women","4","3","5","3","4","5","2","4","5","1","5","2"
"2024/02/20 4:41:03 PM GMT+8","I agree to participate to this survey","CTHM10033","CTHM","1st Year","Yes","I know some basic knowledge about LGBTQIA+","Prefer not to disclose","Man","Masculine","I am ONLY attracted to men","5","4","5","4","5","5","5","5","5","5","5","5"
"2024/02/20 4:41:40 PM GMT+8","I agree to participate to this survey","CLAC20029","CLAC","2nd Year","Yes","I know some basic knowledge about LGBTQIA+","Male","Man","Masculine","I am ONLY attracted to women","2","3","4","3","3","3","3","3","3","3","2","4"
"2024/02/20 4:42:28 PM GMT+8","I agree to participate to this survey","CTHM10034","CTHM","1st Year","Yes","I know some basic knowledge about LGBTQIA+","Female","Woman","Feminine","I am ONLY attracted to men","5","3","3","3","3","5","5","3","4","3","3","3"
"2024/02/20 4:42:40 PM GMT+8","I agree to participate to this survey","CLAC30016","CLAC","3rd Year","Yes","I know some basic knowledge about LGBTQIA+","Female","Woman","Feminine","I am ONLY attracted to men","4","4","3","4","3","4","4","3","4","4","3","2"
"2024/02/20 4:43:35 PM GMT+8","I agree to participate to this survey","CLAC30017","CLAC","3rd Year","Yes","I know some basic knowledge about LGBTQIA+","Female","Woman","Feminine","I am ONLY attracted to men","5","4","5","3","5","4","5","4","5","4","4","2"
"2024/02/20 4:43:41 PM GMT+8","I agree to participate to this survey","CTHM10035","CTHM","1st Year","Yes","I am fully knowledgeable about LGBTQIA+","Female","Gender Queer (both)","Masculine","I am ONLY attracted to women","5","3","4","4","5","5","5","4","5","5","2","3"
"2024/02/20 4:44:41 PM GMT+8","I agree to participate to this survey","CLAC30018","CLAC","3rd Year","Yes","I know some basic knowledge about LGBTQIA+","Female","Woman","Feminine","I am ONLY attracted to men","5","4","4","3","4","5","5","4","5","5","3","3"
"2024/02/20 4:45:03 PM GMT+8","I agree to participate to this survey","CTHM10036","CTHM","1st Year","Yes","I am fully knowledgeable about LGBTQIA+","Female","Woman","Feminine","I am ONLY attracted to men","5","5","5","5","5","5","5","5","5","4","2","2"
"2024/02/20 4:45:16 PM GMT+8","I agree to participate to this survey","CTHM30025","CTHM","3rd Year","No","I know some basic knowledge about LGBTQIA+","Female","Woman","Feminine","I am ONLY attracted to men","5","5","3","5","3","3","3","4","4","3","3","3"
"2024/02/20 4:45:44 PM GMT+8","I agree to participate to this survey","CLAC30019","CLAC","3rd Year","Yes","I know some basic knowledge about LGBTQIA+","Female","Woman","Feminine","I am ONLY attracted to men","5","4","3","4","5","5","4","3","5","5","4","3"
"2024/02/20 4:46:30 PM GMT+8","I agree to participate to this survey","CTHM30026","CTHM","3rd Year","Yes","I know some basic knowledge about LGBTQIA+","Female","Woman","Feminine","I am ONLY attracted to men","5","5","5","4","5","5","5","5","5","5","3","3"
"2024/02/20 4:46:46 PM GMT+8","I agree to participate to this survey","CLAC30020","CLAC","3rd Year","Yes","I know some basic knowledge about LGBTQIA+","Male","Man","Masculine","I am ONLY attracted to women","4","4","5","4","4","4","5","5","5","4","4","4"
"2024/02/20 4:47:39 PM GMT+8","I agree to participate to this survey","CLAC30021","CLAC","3rd Year","Yes","I know some basic knowledge about LGBTQIA+","Female","Woman","Feminine","I am ONLY attracted to men","5","5","5","4","5","5","5","4","5","5","4","1"
"2024/02/20 4:47:41 PM GMT+8","I agree to participate to this survey","CTHM30027","CTHM","3rd Year","Yes","I know some basic knowledge about LGBTQIA+","Male","Man","Masculine","I am ONLY attracted to women","4","4","3","4","4","4","4","2","3","3","2","2"
"2024/02/20 4:48:32 PM GMT+8","I agree to participate to this survey","CLAC30022","CLAC","3rd Year","Yes","I know some basic knowledge about LGBTQIA+","Female","Woman","Feminine","I am ONLY attracted to men","5","5","3","4","4","4","5","3","5","4","3","2"
"2024/02/20 4:49:21 PM GMT+8","I agree to participate to this survey","CLAC30023","CLAC","3rd Year","Yes","I know some basic knowledge about LGBTQIA+","Male","Man","Masculine","Prefer not to disclose","5","5","5","4","5","4","5","5","5","3","3","1"
"2024/02/20 4:49:35 PM GMT+8","I agree to participate to this survey","CTHM30028","CTHM","3rd Year","No","I know some basic knowledge about LGBTQIA+","Prefer not to disclose","Prefer not to disclose","Androgynous/Unisexual","I am ONLY attracted to women","3","4","4","4","4","4","4","4","3","4","4","2"
"2024/02/20 4:50:17 PM GMT+8","I agree to participate to this survey","CLAC30024","CLAC","3rd Year","Yes","I know some basic knowledge about LGBTQIA+","Female","Woman","Feminine","I am ONLY attracted to men","5","5","5","3","5","5","5","5","5","5","3","1"
"2024/02/20 4:50:39 PM GMT+8","I agree to participate to this survey","CTHM30029","CTHM","3rd Year","Yes","I know some basic knowledge about LGBTQIA+","Female","Woman","Feminine","I am ONLY attracted to men","5","5","5","5","5","5","5","5","5","5","4","4"
"2024/02/20 4:51:06 PM GMT+8","I agree to participate to this survey","CLAC30025","CLAC","3rd Year","Yes","I am fully knowledgeable about LGBTQIA+","Female","Woman","Feminine","I am attracted to anyone REGARDLESS of their gender","5","5","5","5","5","5","4","5","5","4","4","1"
"2024/02/20 4:51:59 PM GMT+8","I agree to participate to this survey","CTHM30030","CTHM","3rd Year","Yes","I know some basic knowledge about LGBTQIA+","Female","Woman","Feminine","I am ONLY attracted to men","4","4","3","3","4","4","5","4","5","4","3","2"
"2024/02/20 4:53:13 PM GMT+8","I agree to participate to this survey","CTHM30031","CTHM","3rd Year","Yes","I know some basic knowledge about LGBTQIA+","Female","Woman","Feminine","I am ONLY attracted to men","4","5","5","2","5","5","5","4","5","5","3","2"
"2024/02/20 4:53:56 PM GMT+8","I agree to participate to this survey","CLAC40015","CLAC","4th Year","Yes","I am fully knowledgeable about LGBTQIA+","Female","Gender Queer (both)","Androgynous/Unisexual","I am ONLY attracted to women","3","3","4","4","4","4","4","3","3","4","3","1"
"2024/02/20 4:54:40 PM GMT+8","I agree to participate to this survey","CTHM30032","CTHM","3rd Year","No","I know some basic knowledge about LGBTQIA+","Male","Man","Masculine","I am ONLY attracted to women","3","4","4","4","5","3","4","3","5","4","3","5"
"2024/02/20 4:56:00 PM GMT+8","I agree to participate to this survey","CTHM30033","CTHM","3rd Year","Yes","I know some basic knowledge about LGBTQIA+","Male","Man","Masculine","I am ONLY attracted to women","4","4","4","4","4","4","4","4","4","4","4","4"
"2024/02/20 4:58:16 PM GMT+8","I agree to participate to this survey","CTHM30034","CTHM","3rd Year","No","I know some basic knowledge about LGBTQIA+","Female","Woman","Feminine","I am ONLY attracted to men","3","3","4","4","5","4","3","5","5","4","3","5"
"2024/02/20 5:00:14 PM GMT+8","I agree to participate to this survey","CTHM30035","CTHM","3rd Year","No","I know some basic knowledge about LGBTQIA+","Female","Woman","Masculine","I am attracted to anyone REGARDLESS of their gender","1","3","3","3","3","4","3","3","3","1","3","3"
"2024/02/20 5:01:23 PM GMT+8","I agree to participate to this survey","CTHM30036","CTHM","3rd Year","No","I know some basic knowledge about LGBTQIA+","Female","Woman","Feminine","I am attracted to anyone REGARDLESS of their gender","4","5","4","3","3","5","5","5","5","4","3","3"
"2024/02/20 5:02:46 PM GMT+8","I agree to participate to this survey","CTHM30037","CTHM","3rd Year","Yes","I know some basic knowledge about LGBTQIA+","Female","Woman","Androgynous/Unisexual","I am ONLY attracted to men","4","3","5","2","3","5","5","5","3","4","1","1"
"2024/02/20 5:04:33 PM GMT+8","I agree to participate to this survey","CTHM30038","CTHM","3rd Year","Yes","I know nothing at all","Female","Woman","Prefer not to disclose","I am attracted to anyone REGARDLESS of their gender","4","3","3","3","3","4","3","3","3","2","3","3"
"2024/02/20 5:05:42 PM GMT+8","I agree to participate to this survey","CTHM30039","CTHM","3rd Year","Yes","I know some basic knowledge about LGBTQIA+","Female","Woman","Feminine","I am ONLY attracted to men","5","4","5","4","5","5","5","4","5","3","4","4"
"2024/02/20 5:06:52 PM GMT+8","I agree to participate to this survey","CTHM30040","CTHM","3rd Year","Yes","I am fully knowledgeable about LGBTQIA+","Male","Man","Androgynous/Unisexual","I am ONLY attracted to women","3","2","3","2","4","4","3","4","4","3","4","4"
"2024/02/20 5:07:49 PM GMT+8","I agree to participate to this survey","CTHM30041","CTHM","3rd Year","No","I know nothing at all","Male","Man","Masculine","I am ONLY attracted to women","2","1","2","1","1","2","2","1","1","1","1","1"